{"cameraMode":{"drawMode":0,"name":"Shaded","section":"Shading Mode"},"sceneLighting":true,"audioPlay":false,"sceneViewState":{"showFog":true,"showMaterialUpdate":false,"showSkybox":true,"showFlares":true,"showImageEffects":true,"showParticleSystems":true,"showVisualEffectGraphs":true,"m_FxEnabled":true},"in2DMode":false,"pivot":{"x":-0.06999999284744263,"y":1.0700000524520875,"z":2.0799999237060549},"rotation":{"x":-0.019634833559393884,"y":0.9771611094474793,"z":-0.1841907948255539,"w":-0.1041656881570816},"size":0.25980767607688906,"orthographic":false}